event_id,title,category,starts_at,display_date,lifecycle,days_until,department,city,venue,address,is_free,price_from,price_to,price_label,status,confidence,source_count,image_url,video_url,url,ticket_urls
evt_cbb896bf00c6e0,EL VAR La Gran Final | TicketBO,deporte,2026-07-19T15:00:00-04:00,Domingo 19 de julio · 15:00,finalizado,-74,La Paz,La Paz,,Av. Montenegro 954,False,100.0,100.0,Bs 100,programado,0.8,1,https://kbvtmwhkvvfhcbobhkqa.supabase.co/storage/v1/object/public/events/1783990740843-732720757-122105891475329422-33128595100.jpg,,https://ticket.bo/eventos/el-var-la-gran-final,
evt_b241df7de02d67,Faltan 9 días para que los motores vuelvan a encenderse en Expocruz!,feria,2026-09-18T00:00:00-04:00,Del 18 al 27 de septiembre,finalizado,-13,Santa Cruz,Santa Cruz de la Sierra,Fexpocruz,,False,,,,programado,0.86,2,https://scontent-ord5-2.xx.fbcdn.net/v/t39.99422-6/794516479_1117357000618224_3115404564818139160_n.png?stp=dst-jpg_tt6&cstp=mx1080x1350&ctp=p600x600&_nc_cat=100&ccb=1-7&_nc_sid=cae128&_nc_ohc=2AVk602TeyIQ7kNvwFIeYD1&_nc_oc=AdpFQ2TD40ygJjhIsxy7TG-PrRlxkYQ526tsjgj-0j_BnSkHLXiSDdNiJwNahVEIZLs&_nc_zt=14&_nc_ht=scontent-ord5-2.xx&_nc_gid=R4dWhzgGLIh9C78Bf29mzQ&_nc_ss=7f289&oh=00_AQKev8zNEMGrhfU8vcrPCZsMNqKu56b9lXrVJ0C5hANt_A&oe=6AA74B6C,,https://www.facebook.com/Fexpocruz/posts/faltan-9-d%C3%ADas-para-que-los-motores-vuelvan-a-encenderse-en-expocruzel-sector-aut/1472053524956477/,
evt_e862bfd2d33cb1,Expocruz 2026,feria,2026-09-18T17:00:00-04:00,Del 18 al 27 de septiembre · 17:00,finalizado,-13,Santa Cruz,Santa Cruz de la Sierra,Fexpocruz,calle y pabellón. Ver más Ver resumen Más InformaciÓN 01 Mapas y Recorridos,False,,,,programado,0.75,2,,https://cdn.embedly.com/widgets/media.html?src=https%3A%2F%2Fwww.youtube.com%2Fembed%2FFsK_G_WGdQA%3Ffeature%3Doembed&display_name=YouTube&url=https%3A%2F%2Fwww.youtube.com%2Fwatch%3Fv%3DFsK_G_WGdQA&image=https%3A%2F%2Fi.ytimg.com%2Fvi%2FFsK_G_WGdQA%2Fhqdefault.jpg&type=text%2Fhtml&schema=youtube,https://www.fexpocruz.com.bo/feria/https-www-fexpocruz-com-bo-expocruz-2026,
evt_3a40d8cfb7901f,¡HOY es el último día de Expo Reincorpora 2026!,feria,2026-09-27T15:00:00-04:00,Domingo 27 de septiembre · 15:00,finalizado,-4,Cochabamba,Cochabamba,,,False,,,,programado,0.75,1,https://scontent-sea5-1.xx.fbcdn.net/v/t39.30808-6/828813465_1574238051411074_7570876890511981241_n.jpg?stp=dst-jpg_tt6&cstp=mx1122x1402&ctp=p600x600&_nc_cat=109&ccb=1-7&_nc_sid=b96d88&_nc_ohc=bckUf7SrLvQQ7kNvwEL0YaL&_nc_oc=AdoDwtgduhzDYaRKZDCaYogXebyj00CaoVdO536_J7xiRpGyTNgcrGDzcRUzLfif1CI&_nc_zt=23&_nc_ht=scontent-sea5-1.xx&_nc_gid=7T3LBiAirmpef_7b0SOXtw&_nc_ss=7f289&oh=00_AQJ22SvjO0rBh_wSKm31HtZcZ50vTQZ6mAnR27t0vtbNhQ&oe=6ABF4C8B,,https://www.facebook.com/feicobol/posts/hoy-es-el-%C3%BAltimo-d%C3%ADa-de-expo-reincorpora-2026-todav%C3%ADa-est%C3%A1s-a-tiempo-de-conocer-/1574238501411029/,
evt_9fe8822fee4e1b,Película en cartelera de cine,cine,2026-09-27T17:00:00-04:00,Domingo 27 de septiembre · 17:00,finalizado,-4,Tarija,Tarija,Cine Center,Avenida Circunvalación s/n (barrio Guadalquivir),False,,,,programado,0.81,1,https://cdn.bolivia.com/cine/2019/1/avengers-endgame-47703.jpg,,https://www.bolivia.com/cine/tarija/avengers-endgame-6958_44,
evt_92ede74a02be08,Película en cartelera de cine,cine,2026-09-27T17:10:00-04:00,Domingo 27 de septiembre · 17:10,finalizado,-4,Cochabamba,Quillacollo,Cine Center,"Kilómetro 12, al lado de la Terminal de Buses",False,,,,programado,0.81,1,https://cdn.bolivia.com/cine/2026/8/en-el-corazon-de-la-bestia-47709.jpg,,https://www.bolivia.com/cine/quillacollo/el-corazon-de-la-bestia-12237_210,
evt_3ecc4fe12a9a64,Película en cartelera de cine,cine,2026-09-27T19:00:00-04:00,Domingo 27 de septiembre · 19:00,finalizado,-4,Cochabamba,Cochabamba,Cine Center,Av. Ramón Rivero y puente de la Recoleta,False,,,,programado,0.81,1,https://cdn.bolivia.com/cine/2019/1/avengers-endgame-47703.jpg,,https://www.bolivia.com/cine/cochabamba/avengers-endgame-6958_42,
evt_fd9a96fcfcb890,Película en cartelera de cine,cine,2026-09-27T19:00:00-04:00,Domingo 27 de septiembre · 19:00,finalizado,-4,Santa Cruz,Santa Cruz de la Sierra,Brasil - Cine Center,"Tercer anillo, Avenida Brasil esquina entrada a la Feria de Barrio Lindo",False,,,,programado,0.81,1,https://cdn.bolivia.com/cine/2019/1/avengers-endgame-47703.jpg,,https://www.bolivia.com/cine/santa-cruz/avengers-endgame-6958_43,
evt_e6b564dc1d07f4,Película en cartelera de cine,cine,2026-09-27T19:00:00-04:00,Domingo 27 de septiembre · 19:00,finalizado,-4,Santa Cruz,Santa Cruz de la Sierra,Trompillo - Cine Center,Avenida El Trompillo Segundo Anillo,False,,,,programado,0.81,1,https://cdn.bolivia.com/cine/2019/1/avengers-endgame-47703.jpg,,https://www.bolivia.com/cine/santa-cruz/avengers-endgame-6958_43,
evt_3a0f58f4785293,La Casa de la Cultura Simón I. Patiño prepara un programa especial por el Día Mundial del Turismo,turismo,2026-09-27T19:00:00-04:00,Domingo 27 de septiembre · 19:00,finalizado,-4,Oruro,Oruro,,,False,,,,programado,0.74,1,https://www.uto.edu.bo/wp-content/uploads/2026/09/noticia-simon1.png,,https://www.uto.edu.bo/la-casa-de-la-cultura-simon-i-patino-prepara-un-programa-especial-por-el-dia-mundial-del-turismo/,
evt_4e9c7d1090e139,Película en cartelera de cine,cine,2026-09-27T20:20:00-04:00,Domingo 27 de septiembre · 20:20,finalizado,-4,La Paz,La Paz,Plaza 21 Mall - Multicine,"Calle 21 de Calacoto, Pasaje Cordero",False,,,,programado,0.81,1,https://cdn.bolivia.com/cine/2019/1/avengers-endgame-47703.jpg,,https://www.bolivia.com/cine/la-paz/avengers-endgame-6958_41,
evt_f4ea8de87e8c3d,La oportunidad de llevarte Bs 24.000 está en Expocruz 2026!,feria,2026-09-27T21:00:00-04:00,Domingo 27 de septiembre · 21:00,finalizado,-4,Santa Cruz,Santa Cruz de la Sierra,Fexpocruz,calle y pabellón. Ver más Ver resumen Más InformaciÓN 01 Mapas y Recorridos,False,24.0,24.0,Bs 24,programado,0.99,2,https://scontent-fra5-2.xx.fbcdn.net/v/t39.99422-6/789347905_1428551292513001_2742293853098171395_n.png?stp=dst-jpg_tt6&cstp=mx1080x1350&ctp=p600x600&_nc_cat=106&ccb=1-7&_nc_sid=cae128&_nc_ohc=Pei9eVyZHDEQ7kNvwHhg23o&_nc_oc=AdonZRNe2bD_zE0RcW_dQT3c2SkD1M-PAw5cNy_-0up-ORS-j1MNuuF4OLls1ztZO8k&_nc_zt=14&_nc_ht=scontent-fra5-2.xx&_nc_gid=3GeXSNjkJaPSg9f1Qcg5og&_nc_ss=7f289&oh=00_AQIWI8zxVWwKhb0ZBxCfOK12v9c8qIQ_XgZQC1TMikZ3GQ&oe=6A9976C3,https://cdn.embedly.com/widgets/media.html?src=https%3A%2F%2Fwww.youtube.com%2Fembed%2FFsK_G_WGdQA%3Ffeature%3Doembed&display_name=YouTube&url=https%3A%2F%2Fwww.youtube.com%2Fwatch%3Fv%3DFsK_G_WGdQA&image=https%3A%2F%2Fi.ytimg.com%2Fvi%2FFsK_G_WGdQA%2Fhqdefault.jpg&type=text%2Fhtml&schema=youtube,https://www.facebook.com/Fexpocruz/posts/la-oportunidad-de-llevarte-bs-24000-est%C3%A1-en-expocruz-2026-compr%C3%A1-tu-entrada-o-pa/1462873045874525/,
evt_f94a7de7c69f0e,Película en cartelera de cine,cine,2026-09-27T21:00:00-04:00,Domingo 27 de septiembre · 21:00,finalizado,-4,La Paz,La Paz,Cine Center (MegaCenter) - Cine Center,Av. Rafael Pabon Zona Irpavi frente al colegio Militar (Zona Sur),False,,,,programado,0.81,1,https://cdn.bolivia.com/cine/2019/1/avengers-endgame-47703.jpg,,https://www.bolivia.com/cine/la-paz/avengers-endgame-6958_41,
evt_41cddfc162a4f8,Película en cartelera de cine,cine,2026-09-27T21:20:00-04:00,Domingo 27 de septiembre · 21:20,finalizado,-4,La Paz,La Paz,Multicine,Av. Arce 2631,False,,,,programado,0.81,1,https://cdn.bolivia.com/cine/2019/1/avengers-endgame-47703.jpg,,https://www.bolivia.com/cine/la-paz/avengers-endgame-6958_41,
evt_6d4d72c21592be,Película en cartelera de cine,cine,2026-09-27T21:30:00-04:00,Domingo 27 de septiembre · 21:30,finalizado,-4,Santa Cruz,Santa Cruz de la Sierra,Cinemark - Ventura - Cinemark,Ventura Mall - Av. San Martín esq. 4º anillo,False,,,,programado,0.81,1,https://cdn.bolivia.com/cine/2019/1/avengers-endgame-47703.jpg,,https://www.bolivia.com/cine/santa-cruz/avengers-endgame-6958_43,
evt_7df7d1edba605e,Película en cartelera de cine,cine,2026-09-27T21:30:00-04:00,Domingo 27 de septiembre · 21:30,finalizado,-4,La Paz,La Paz,Monje Campero,Av. 16 de Julio #1495,False,,,,programado,0.68,1,https://cdn.bolivia.com/cine/2019/1/avengers-endgame-47703.jpg,,https://www.bolivia.com/cine/la-paz/avengers-endgame-6958_41,
evt_5efb7c6622e047,Espectáculos,deporte,2026-09-28T00:00:00-04:00,Lunes 28 de septiembre,finalizado,-3,Santa Cruz,Santa Cruz de la Sierra,Fexpocruz,,False,300.0,,Bs 300,programado,0.68,1,https://www.lostiempos.com/sites/default/files/styles/noticia_home_apertura/public/media_imagen/2026/9/21/12_dc_cartelera_1.jpg?itok=5Pe0YQuq,,https://www.lostiempos.com/doble-click/espectaculos,
evt_30f25e33e6f2da,hace 8 horas,otro,2026-09-28T08:00:00-04:00,Lunes 28 de septiembre · 08:00,finalizado,-3,La Paz,La Paz,,,False,,,,programado,0.69,1,https://scontent-sjc3-1.xx.fbcdn.net/v/t39.99422-6/825273797_1463619685673160_7352446082261321823_n.png?stp=dst-jpg_tt6&cstp=mx1080x1350&ctp=s640x640&_nc_cat=106&ccb=1-7&_nc_sid=127cfc&_nc_ohc=ChsqgGSZqN8Q7kNvwFI__rE&_nc_oc=AdqGyW5YAxhLqEUJq5QWC-wukAXhCFmJVP5FpKWRjuwSrBn7KXbnU21dbKaFvGgoRh0&_nc_zt=14&_nc_ht=scontent-sjc3-1.xx&_nc_gid=B6QRJP4S3tlJK_yy2Uq71Q&_nc_ss=7f289&oh=00_AQKo5l8Ue8U3BC0zLk6KutPLx072KVpxzhqCp07hl-KN7w&oe=6ABD8521,,https://www.facebook.com/cinemateca.bo/posts/pfbid029PHFZKcstrJBDAntfsog42KWeugisGEFE4KduA2oHZZ4ppftj8hgErd38F5vHEoul?__cft__[0]=AZiUAZteH9H0sQ6xDTvSY3BNQAR_o89noO34Br7zEGYJxAr8ZAPNTiiStwcNnG2wZRaa51FLZOtC3ArxTWSoBvsbt19NTQnHxeSX_TKAOIkKf6oF5KWolBhdAqi-fDDH63uuMEjjeGGQnJ9udLKWpos3VWlgkfPBZEodjTNu6k0ml-mGS4pNDnPFkxo&__tn__=%2CO%2CP-R,
evt_a3a03e1f9a34c2,Película en cartelera de cine,cine,2026-09-28T10:40:00-04:00,Lunes 28 de septiembre · 10:40,finalizado,-3,Chuquisaca,Sucre,Cine SAS,c. Juan Jose Perez No. 331,False,,,,programado,0.68,1,https://cdn.bolivia.com/cine/2026/9/resident-evil-noche-cero-47798.jpg,,https://www.bolivia.com/cine/sucre/resident-evil-noche-cero-12266_147,
evt_37dc44427edd58,Película en cartelera de cine,cine,2026-09-28T11:00:00-04:00,Lunes 28 de septiembre · 11:00,finalizado,-3,La Paz,La Paz,Cine Center (MegaCenter) - Cine Center,Av. Rafael Pabon Zona Irpavi frente al colegio Militar (Zona Sur),False,,,,programado,0.81,1,https://cdn.bolivia.com/cine/2026/9/la-isla-olvidada-47841.jpg,,https://www.bolivia.com/cine/la-paz/la-isla-olvidada-12290_41,
evt_2a0c6b60fcb7ba,Película en cartelera de cine,cine,2026-09-28T12:00:00-04:00,Lunes 28 de septiembre · 12:00,finalizado,-3,Cochabamba,Cochabamba,Cine Center,Av. Ramón Rivero y puente de la Recoleta,False,,,,programado,0.81,1,https://cdn.bolivia.com/cine/2026/9/la-isla-olvidada-47841.jpg,,https://www.bolivia.com/cine/cochabamba/la-isla-olvidada-12290_42,
evt_08508564fffeba,Película en cartelera de cine,cine,2026-09-28T13:20:00-04:00,Lunes 28 de septiembre · 13:20,finalizado,-3,Tarija,Tarija,Cine Center,Avenida Circunvalación s/n (barrio Guadalquivir),False,,,,programado,0.81,1,https://cdn.bolivia.com/cine/2026/9/la-isla-olvidada-47841.jpg,,https://www.bolivia.com/cine/tarija/la-isla-olvidada-12290_44,
evt_9332f25afeb0fd,Película en cartelera de cine,cine,2026-09-28T13:30:00-04:00,Lunes 28 de septiembre · 13:30,finalizado,-3,La Paz,El Alto,Multicine,Av. Juan Pablo II - Zona Rio Seco,False,,,,programado,0.81,1,https://cdn.bolivia.com/cine/2019/1/avengers-endgame-47703.jpg,,https://www.bolivia.com/cine/el-alto/avengers-endgame-6958_87,
evt_c9fadab969b68c,Película en cartelera de cine,cine,2026-09-28T13:30:00-04:00,Lunes 28 de septiembre · 13:30,finalizado,-3,Santa Cruz,Santa Cruz de la Sierra,Multicine,Las Brisas Shopping Mall (4º anillo y Av. Banzer),False,,,,programado,0.81,1,https://cdn.bolivia.com/cine/2019/1/avengers-endgame-47703.jpg,,https://www.bolivia.com/cine/santa-cruz/avengers-endgame-6958_43,
evt_b5ada2f759da70,Película en cartelera de cine,cine,2026-09-28T18:00:00-04:00,Lunes 28 de septiembre · 18:00,finalizado,-3,Cochabamba,Quillacollo,Cine Center,"Kilómetro 12, al lado de la Terminal de Buses",False,,,,programado,0.81,1,https://cdn.bolivia.com/cine/2026/9/la-isla-olvidada-47841.jpg,,https://www.bolivia.com/cine/quillacollo/la-isla-olvidada-12290_210,
evt_3b6d976324de99,Película en cartelera de cine,cine,2026-09-28T19:00:00-04:00,Lunes 28 de septiembre · 19:00,finalizado,-3,Santa Cruz,Santa Cruz de la Sierra,Brasil - Cine Center,"Tercer anillo, Avenida Brasil esquina entrada a la Feria de Barrio Lindo",False,,,,programado,0.81,1,https://cdn.bolivia.com/cine/2019/1/avengers-endgame-47703.jpg,,https://www.bolivia.com/cine/santa-cruz/avengers-endgame-6958_43,
evt_23db49601fca2b,Película en cartelera de cine,cine,2026-09-28T19:00:00-04:00,Lunes 28 de septiembre · 19:00,finalizado,-3,Santa Cruz,Santa Cruz de la Sierra,Trompillo - Cine Center,Avenida El Trompillo Segundo Anillo,False,,,,programado,0.81,1,https://cdn.bolivia.com/cine/2019/1/avengers-endgame-47703.jpg,,https://www.bolivia.com/cine/santa-cruz/avengers-endgame-6958_43,
evt_6d3bda56b584d8,Película en cartelera de cine,cine,2026-09-28T20:20:00-04:00,Lunes 28 de septiembre · 20:20,finalizado,-3,La Paz,La Paz,Plaza 21 Mall - Multicine,"Calle 21 de Calacoto, Pasaje Cordero",False,,,,programado,0.81,1,https://cdn.bolivia.com/cine/2019/1/avengers-endgame-47703.jpg,,https://www.bolivia.com/cine/la-paz/avengers-endgame-6958_41,
evt_25bbcd2bb5a3f3,Película en cartelera de cine,cine,2026-09-28T21:00:00-04:00,Lunes 28 de septiembre · 21:00,finalizado,-3,Santa Cruz,Santa Cruz de la Sierra,Cinemark - Ventura - Cinemark,Ventura Mall - Av. San Martín esq. 4º anillo,False,,,,programado,0.81,1,https://cdn.bolivia.com/cine/2019/1/avengers-endgame-47703.jpg,,https://www.bolivia.com/cine/santa-cruz/avengers-endgame-6958_43,
evt_c65deb4d6cc9c4,Película en cartelera de cine,cine,2026-09-28T21:20:00-04:00,Lunes 28 de septiembre · 21:20,finalizado,-3,La Paz,La Paz,Multicine,Av. Arce 2631,False,,,,programado,0.81,1,https://cdn.bolivia.com/cine/2019/1/avengers-endgame-47703.jpg,,https://www.bolivia.com/cine/la-paz/avengers-endgame-6958_41,
evt_fcf7d30e6120bf,Película en cartelera de cine,cine,2026-09-28T21:30:00-04:00,Lunes 28 de septiembre · 21:30,finalizado,-3,La Paz,La Paz,Monje Campero,Av. 16 de Julio #1495,False,,,,programado,0.68,1,https://cdn.bolivia.com/cine/2019/1/avengers-endgame-47703.jpg,,https://www.bolivia.com/cine/la-paz/avengers-endgame-6958_41,
evt_f12f97ed3ae567,"Hoy continuamos con la segunda vuelta de ""Las trilogías de tu vida"", del mes de la primavera, con el filme ANTES DEL…",cine,2026-09-29T00:00:00-04:00,Martes 29 de septiembre,finalizado,-2,La Paz,La Paz,,,False,,,,programado,0.69,1,,https://www.facebook.com/reel/1052245900955326/?__cft__[0]=AZjEzgnD1MdzMbDzbNdAj80S0LdBFKOyYk1pefe7mWuS66AAUkTAZg7AHS-w8mCjQTVkA4ng01fZ8wq_pycgYD3GmQxygkkGjHGJcuwwvNB_xGU61ha_X9OTQLodGQpREDhEIJzlJFdXbwO6fd6KYnjScX_a-h1jPGSat11aD7xezofOHTBNim-FjBo01KeYULmT&__tn__=%2CO%2CP-R,https://www.facebook.com/reel/1052245900955326/?__cft__[0]=AZjEzgnD1MdzMbDzbNdAj80S0LdBFKOyYk1pefe7mWuS66AAUkTAZg7AHS-w8mCjQTVkA4ng01fZ8wq_pycgYD3GmQxygkkGjHGJcuwwvNB_xGU61ha_X9OTQLodGQpREDhEIJzlJFdXbwO6fd6KYnjScX_a-h1jPGSat11aD7xezofOHTBNim-FjBo01KeYULmT&__tn__=%2CO%2CP-R,
evt_d2724c64f4eac7,Película en cartelera de cine,cine,2026-09-29T10:40:00-04:00,Martes 29 de septiembre · 10:40,finalizado,-2,Chuquisaca,Sucre,Cine SAS,c. Juan Jose Perez No. 331,False,,,,programado,0.68,1,https://cdn.bolivia.com/cine/2026/9/resident-evil-noche-cero-47798.jpg,,https://www.bolivia.com/cine/sucre/resident-evil-noche-cero-12266_147,
evt_d827ab195e1900,Película en cartelera de cine,cine,2026-09-29T12:00:00-04:00,Martes 29 de septiembre · 12:00,finalizado,-2,Santa Cruz,Santa Cruz de la Sierra,Multicine,Las Brisas Shopping Mall (4º anillo y Av. Banzer),False,,,,programado,0.81,1,https://cdn.bolivia.com/cine/2026/9/resident-evil-noche-cero-47798.jpg,,https://www.bolivia.com/cine/santa-cruz/resident-evil-noche-cero-12266_43,
evt_69a4829a9b1aaa,Película en cartelera de cine,cine,2026-09-29T13:30:00-04:00,Martes 29 de septiembre · 13:30,finalizado,-2,La Paz,El Alto,Multicine,Av. Juan Pablo II - Zona Rio Seco,False,,,,programado,0.81,1,https://cdn.bolivia.com/cine/2019/1/avengers-endgame-47703.jpg,,https://www.bolivia.com/cine/el-alto/avengers-endgame-6958_87,
evt_5b2930e99eeb89,Película en cartelera de cine,cine,2026-09-29T17:00:00-04:00,Martes 29 de septiembre · 17:00,finalizado,-2,Tarija,Tarija,Cine Center,Avenida Circunvalación s/n (barrio Guadalquivir),False,,,,programado,0.81,1,https://cdn.bolivia.com/cine/2026/9/la-isla-olvidada-47841.jpg,,https://www.bolivia.com/cine/tarija/la-isla-olvidada-12290_44,
evt_f7c77f1fdde9d2,Película en cartelera de cine,cine,2026-09-29T18:00:00-04:00,Martes 29 de septiembre · 18:00,finalizado,-2,Cochabamba,Quillacollo,Cine Center,"Kilómetro 12, al lado de la Terminal de Buses",False,,,,programado,0.81,1,https://cdn.bolivia.com/cine/2026/9/la-isla-olvidada-47841.jpg,,https://www.bolivia.com/cine/quillacollo/la-isla-olvidada-12290_210,
evt_8d12a581666e26,Película en cartelera de cine,cine,2026-09-29T19:00:00-04:00,Martes 29 de septiembre · 19:00,finalizado,-2,Cochabamba,Cochabamba,Cine Center,Av. Ramón Rivero y puente de la Recoleta,False,,,,programado,0.81,1,https://cdn.bolivia.com/cine/2019/1/avengers-endgame-47703.jpg,,https://www.bolivia.com/cine/cochabamba/avengers-endgame-6958_42,
evt_83856035284cfa,Película en cartelera de cine,cine,2026-09-29T19:00:00-04:00,Martes 29 de septiembre · 19:00,finalizado,-2,Santa Cruz,Santa Cruz de la Sierra,Brasil - Cine Center,"Tercer anillo, Avenida Brasil esquina entrada a la Feria de Barrio Lindo",False,,,,programado,0.81,1,https://cdn.bolivia.com/cine/2019/1/avengers-endgame-47703.jpg,,https://www.bolivia.com/cine/santa-cruz/avengers-endgame-6958_43,
evt_9b752c8a88b9fb,Película en cartelera de cine,cine,2026-09-29T19:00:00-04:00,Martes 29 de septiembre · 19:00,finalizado,-2,Santa Cruz,Santa Cruz de la Sierra,Trompillo - Cine Center,Avenida El Trompillo Segundo Anillo,False,,,,programado,0.81,1,https://cdn.bolivia.com/cine/2019/1/avengers-endgame-47703.jpg,,https://www.bolivia.com/cine/santa-cruz/avengers-endgame-6958_43,
evt_1706efba4a4c3a,Película en cartelera de cine,cine,2026-09-29T20:20:00-04:00,Martes 29 de septiembre · 20:20,finalizado,-2,La Paz,La Paz,Plaza 21 Mall - Multicine,"Calle 21 de Calacoto, Pasaje Cordero",False,,,,programado,0.81,1,https://cdn.bolivia.com/cine/2019/1/avengers-endgame-47703.jpg,,https://www.bolivia.com/cine/la-paz/avengers-endgame-6958_41,
evt_766737807ad2e1,Película en cartelera de cine,cine,2026-09-29T20:40:00-04:00,Martes 29 de septiembre · 20:40,finalizado,-2,Santa Cruz,Santa Cruz de la Sierra,Cinemark - Ventura - Cinemark,Ventura Mall - Av. San Martín esq. 4º anillo,False,,,,programado,0.81,1,https://cdn.bolivia.com/cine/2019/1/avengers-endgame-47703.jpg,,https://www.bolivia.com/cine/santa-cruz/avengers-endgame-6958_43,
evt_416bfbb38d538b,Película en cartelera de cine,cine,2026-09-29T21:00:00-04:00,Martes 29 de septiembre · 21:00,finalizado,-2,La Paz,La Paz,Cine Center (MegaCenter) - Cine Center,Av. Rafael Pabon Zona Irpavi frente al colegio Militar (Zona Sur),False,,,,programado,0.81,1,https://cdn.bolivia.com/cine/2019/1/avengers-endgame-47703.jpg,,https://www.bolivia.com/cine/la-paz/avengers-endgame-6958_41,
evt_47cf49312bd3cd,Película en cartelera de cine,cine,2026-09-29T21:30:00-04:00,Martes 29 de septiembre · 21:30,finalizado,-2,La Paz,La Paz,Monje Campero,Av. 16 de Julio #1495,False,,,,programado,0.68,1,https://cdn.bolivia.com/cine/2019/1/avengers-endgame-47703.jpg,,https://www.bolivia.com/cine/la-paz/avengers-endgame-6958_41,
evt_f9bd74cf3b0d91,Película en cartelera de cine,cine,2026-09-29T21:50:00-04:00,Martes 29 de septiembre · 21:50,finalizado,-2,La Paz,La Paz,Multicine,Av. Arce 2631,False,,,,programado,0.81,1,https://cdn.bolivia.com/cine/2019/1/avengers-endgame-47703.jpg,,https://www.bolivia.com/cine/la-paz/avengers-endgame-6958_41,
evt_bc5b804dddf522,Museo Casa de la Libertad,exposicion,2026-09-30T00:00:00-04:00,Miércoles 30 de septiembre,finalizado,-1,Chuquisaca,Sucre,Casa de la Libertad,,False,,,,programado,0.8,1,https://scontent-iad3-1.xx.fbcdn.net/v/t39.30808-6/817329455_1676505304485080_5252566362343725515_n.jpg?stp=dst-jpg_tt6&cstp=mx1200x1200&ctp=s600x600&_nc_cat=108&ccb=1-7&_nc_sid=cae128&_nc_ohc=qamrX3nGfRsQ7kNvwGT8MW6&_nc_oc=AdpBMkkDA3m5FKsup38NzXyE_wOgMX_CL5FSjn2bAs7LTP8PFHrbyTv4Kkr-gucfpHo&_nc_zt=23&_nc_ht=scontent-iad3-1.xx&_nc_gid=AiRhU0QSmUD-lx5KyWQAwA&_nc_ss=7f289&oh=00_AQLcoNujSR-KWfSBxI3QJXcF6c-VaMil4AZKZXA63dWdqQ&oe=6AB58D86,,https://www.facebook.com/museocasadelalibertad/posts/cdl-fundaci%C3%B3n-natura-bolivia-y-casa-de-la-libertad-invitan-al-p%C3%BAblico-a-apreciar/1676507461151531/,
evt_caf275722c0eb0,Película en cartelera de cine,cine,2026-09-30T10:40:00-04:00,Miércoles 30 de septiembre · 10:40,finalizado,-1,Chuquisaca,Sucre,Cine SAS,c. Juan Jose Perez No. 331,False,,,,programado,0.68,1,https://cdn.bolivia.com/cine/2026/9/resident-evil-noche-cero-47798.jpg,,https://www.bolivia.com/cine/sucre/resident-evil-noche-cero-12266_147,
evt_583f9a089cfc45,Película en cartelera de cine,cine,2026-09-30T11:00:00-04:00,Miércoles 30 de septiembre · 11:00,finalizado,-1,La Paz,La Paz,Cine Center (MegaCenter) - Cine Center,Av. Rafael Pabon Zona Irpavi frente al colegio Militar (Zona Sur),False,,,,programado,0.81,1,https://cdn.bolivia.com/cine/2026/9/la-isla-olvidada-47841.jpg,,https://www.bolivia.com/cine/la-paz/la-isla-olvidada-12290_41,
evt_91c5fad8dd6432,Película en cartelera de cine,cine,2026-09-30T11:00:00-04:00,Miércoles 30 de septiembre · 11:00,finalizado,-1,La Paz,El Alto,Multicine,Av. Juan Pablo II - Zona Rio Seco,False,,,,programado,0.81,1,https://cdn.bolivia.com/cine/2026/9/resident-evil-noche-cero-47798.jpg,,https://www.bolivia.com/cine/el-alto/resident-evil-noche-cero-12266_87,
evt_cd2589c711969d,Película en cartelera de cine,cine,2026-09-30T12:00:00-04:00,Miércoles 30 de septiembre · 12:00,finalizado,-1,Cochabamba,Cochabamba,Cine Center,Av. Ramón Rivero y puente de la Recoleta,False,,,,programado,0.81,1,https://cdn.bolivia.com/cine/2026/9/la-isla-olvidada-47841.jpg,,https://www.bolivia.com/cine/cochabamba/la-isla-olvidada-12290_42,
evt_4b6fc2a3d17cf8,Película en cartelera de cine,cine,2026-09-30T13:20:00-04:00,Miércoles 30 de septiembre · 13:20,finalizado,-1,Tarija,Tarija,Cine Center,Avenida Circunvalación s/n (barrio Guadalquivir),False,,,,programado,0.81,1,https://cdn.bolivia.com/cine/2026/9/la-isla-olvidada-47841.jpg,,https://www.bolivia.com/cine/tarija/la-isla-olvidada-12290_44,
evt_c71c6bf26299f1,Película en cartelera de cine,cine,2026-09-30T13:30:00-04:00,Miércoles 30 de septiembre · 13:30,finalizado,-1,Santa Cruz,Santa Cruz de la Sierra,Multicine,Las Brisas Shopping Mall (4º anillo y Av. Banzer),False,,,,programado,0.81,1,https://cdn.bolivia.com/cine/2019/1/avengers-endgame-47703.jpg,,https://www.bolivia.com/cine/santa-cruz/avengers-endgame-6958_43,
evt_3985f2640a7c7d,Película en cartelera de cine,cine,2026-09-30T18:00:00-04:00,Miércoles 30 de septiembre · 18:00,finalizado,-1,Cochabamba,Quillacollo,Cine Center,"Kilómetro 12, al lado de la Terminal de Buses",False,,,,programado,0.81,1,https://cdn.bolivia.com/cine/2026/9/la-isla-olvidada-47841.jpg,,https://www.bolivia.com/cine/quillacollo/la-isla-olvidada-12290_210,
evt_fbbe62f8777589,"Mié, 30 de sep. a las 7:00 p. m. -04",feria,2026-09-30T19:00:00-04:00,Miércoles 30 de septiembre · 19:00,finalizado,-1,Santa Cruz,Santa Cruz de la Sierra,,Calle Sucre #50,False,,,,programado,0.93,1,https://scontent-ord5-2.xx.fbcdn.net/v/t39.99422-6/825329302_1600910014858706_7500439817403298219_n.png?stp=dst-jpg_tt6&cstp=mx2048x1073&ctp=s526x296&_nc_cat=100&ccb=1-7&_nc_sid=75d36f&_nc_ohc=SOPhQJrjpSwQ7kNvwEjeJOA&_nc_oc=AdqpI7cJPd86ltzlQRQiokh5kn_icIGEyNT_PJzzZeP5aHfMJVvW4K2DVq6maGtE-9Q&_nc_zt=14&_nc_ht=scontent-ord5-2.xx&_nc_gid=MQ6qiLRf8mjAHOsp7ejnwQ&_nc_ss=7f289&oh=00_AQMip8WjRJB43liIG_Lz5JwwQv020ixTQnW5UJYAzeGfFQ&oe=6AC0C70E,,https://www.facebook.com/CasaMelchorPinto/,
evt_dbf6d9c9b80e28,Película en cartelera de cine,cine,2026-09-30T19:00:00-04:00,Miércoles 30 de septiembre · 19:00,finalizado,-1,Santa Cruz,Santa Cruz de la Sierra,Brasil - Cine Center,"Tercer anillo, Avenida Brasil esquina entrada a la Feria de Barrio Lindo",False,,,,programado,0.81,1,https://cdn.bolivia.com/cine/2019/1/avengers-endgame-47703.jpg,,https://www.bolivia.com/cine/santa-cruz/avengers-endgame-6958_43,
evt_807f18e455675d,Película en cartelera de cine,cine,2026-09-30T19:00:00-04:00,Miércoles 30 de septiembre · 19:00,finalizado,-1,Santa Cruz,Santa Cruz de la Sierra,Cinemark - Ventura - Cinemark,Ventura Mall - Av. San Martín esq. 4º anillo,False,,,,programado,0.81,1,https://cdn.bolivia.com/cine/2019/1/avengers-endgame-47703.jpg,,https://www.bolivia.com/cine/santa-cruz/avengers-endgame-6958_43,
evt_7d3d5ecb633bed,Película en cartelera de cine,cine,2026-09-30T19:00:00-04:00,Miércoles 30 de septiembre · 19:00,finalizado,-1,Santa Cruz,Santa Cruz de la Sierra,Trompillo - Cine Center,Avenida El Trompillo Segundo Anillo,False,,,,programado,0.81,1,https://cdn.bolivia.com/cine/2019/1/avengers-endgame-47703.jpg,,https://www.bolivia.com/cine/santa-cruz/avengers-endgame-6958_43,
evt_85790b64b1ea05,Película en cartelera de cine,cine,2026-09-30T20:20:00-04:00,Miércoles 30 de septiembre · 20:20,finalizado,-1,La Paz,La Paz,Plaza 21 Mall - Multicine,"Calle 21 de Calacoto, Pasaje Cordero",False,,,,programado,0.81,1,https://cdn.bolivia.com/cine/2019/1/avengers-endgame-47703.jpg,,https://www.bolivia.com/cine/la-paz/avengers-endgame-6958_41,
evt_52eb00788d5072,Película en cartelera de cine,cine,2026-09-30T21:20:00-04:00,Miércoles 30 de septiembre · 21:20,finalizado,-1,La Paz,La Paz,Multicine,Av. Arce 2631,False,,,,programado,0.81,1,https://cdn.bolivia.com/cine/2019/1/avengers-endgame-47703.jpg,,https://www.bolivia.com/cine/la-paz/avengers-endgame-6958_41,
evt_7b74209ac91e62,Película en cartelera de cine,cine,2026-09-30T21:30:00-04:00,Miércoles 30 de septiembre · 21:30,finalizado,-1,La Paz,La Paz,Monje Campero,Av. 16 de Julio #1495,False,,,,programado,0.68,1,https://cdn.bolivia.com/cine/2019/1/avengers-endgame-47703.jpg,,https://www.bolivia.com/cine/la-paz/avengers-endgame-6958_41,
evt_0c9bd21ae3e8cb,"En Villa Rivero, aprender también es sentirse acompañado",literatura,2026-10-01T00:00:00-04:00,Jueves 1 de octubre,hoy,0,Cochabamba,Cochabamba,,,False,,,,programado,0.69,1,,https://www.facebook.com/reel/1144870398063921/?__cft__[0]=AZg79pv7W-Ppg061Uw5PuP-TK8Lyiw3RNNSQQASvBDxTakc-zSx4hOuAsyQMEkfS75WZKPj7roN1Zqt5_Z33SSEnhiwr8Su1VocYfWSuh9ngdXLYJxi7p8BXxzLfgzBUk-U7uGvKzSL5lRgdCp8XAtwxlZLbvI1WPwkXp2Ho_KJoM9ArBnZ7-jl9k2Ebm3GqnIjE&__tn__=%2CO%2CP-R,https://www.facebook.com/reel/1144870398063921/?__cft__[0]=AZg79pv7W-Ppg061Uw5PuP-TK8Lyiw3RNNSQQASvBDxTakc-zSx4hOuAsyQMEkfS75WZKPj7roN1Zqt5_Z33SSEnhiwr8Su1VocYfWSuh9ngdXLYJxi7p8BXxzLfgzBUk-U7uGvKzSL5lRgdCp8XAtwxlZLbvI1WPwkXp2Ho_KJoM9ArBnZ7-jl9k2Ebm3GqnIjE&__tn__=%2CO%2CP-R,
evt_706ebe54492265,Cultura - Gobernación del Beni,turismo,2026-10-01T00:00:00-04:00,Jueves 1 de octubre,hoy,0,Beni,Trinidad,,,False,,,,programado,0.61,1,https://beni.gob.bo/images/beni-og.jpg,,https://beni.gob.bo/category/cultura/,
evt_802f56fc72e7ff,Película en cartelera de cine,cine,2026-10-01T10:05:00-04:00,Jueves 1 de octubre · 10:05,hoy,0,Chuquisaca,Sucre,Cine SAS,c. Juan Jose Perez No. 331,False,,,,programado,0.68,1,https://cdn.bolivia.com/cine/2026/9/el-arbol-magico-47812.jpg,,https://www.bolivia.com/cine/sucre/el-arbol-magico-12276_147,
evt_fb69220bdeadb3,Película en cartelera de cine,cine,2026-10-01T11:00:00-04:00,Jueves 1 de octubre · 11:00,hoy,0,La Paz,La Paz,Cine Center (MegaCenter) - Cine Center,Av. Rafael Pabon Zona Irpavi frente al colegio Militar (Zona Sur),False,,,,programado,0.81,1,https://cdn.bolivia.com/cine/2026/9/guardianes-del-museo-2-los-tesoros-de-egipto-47807.jpg,,https://www.bolivia.com/cine/la-paz/guardianes-del-museo-2-los-tesoros-de-egipto-12274_41,
evt_f8d2bfc83dfe12,Película en cartelera de cine,cine,2026-10-01T11:50:00-04:00,Jueves 1 de octubre · 11:50,hoy,0,Cochabamba,Cochabamba,Cine Center,Av. Ramón Rivero y puente de la Recoleta,False,,,,programado,0.81,1,https://cdn.bolivia.com/cine/2019/1/avengers-endgame-47703.jpg,,https://www.bolivia.com/cine/cochabamba/avengers-endgame-6958_42,
evt_26e6175911c16a,Película en cartelera de cine,cine,2026-10-01T11:50:00-04:00,Jueves 1 de octubre · 11:50,hoy,0,Santa Cruz,Santa Cruz de la Sierra,Trompillo - Cine Center,Avenida El Trompillo Segundo Anillo,False,,,,programado,0.81,1,https://cdn.bolivia.com/cine/2019/1/avengers-endgame-47703.jpg,,https://www.bolivia.com/cine/santa-cruz/avengers-endgame-6958_43,
evt_d5eb44356e444a,Película en cartelera de cine,cine,2026-10-01T12:00:00-04:00,Jueves 1 de octubre · 12:00,hoy,0,Cochabamba,Quillacollo,Cine Center,"Kilómetro 12, al lado de la Terminal de Buses",False,,,,programado,0.81,1,https://cdn.bolivia.com/cine/2026/9/verity-la-sombra-de-un-engano-47833.jpg,,https://www.bolivia.com/cine/quillacollo/verity-la-sombra-de-un-engano-12282_210,
evt_fe8ff718a5127f,Película en cartelera de cine,cine,2026-10-01T12:00:00-04:00,Jueves 1 de octubre · 12:00,hoy,0,Santa Cruz,Santa Cruz de la Sierra,Multicine,Las Brisas Shopping Mall (4º anillo y Av. Banzer),False,,,,programado,0.81,1,https://cdn.bolivia.com/cine/2026/9/resident-evil-noche-cero-47798.jpg,,https://www.bolivia.com/cine/santa-cruz/resident-evil-noche-cero-12266_43,
evt_6e59513be20b78,Película en cartelera de cine,cine,2026-10-01T13:10:00-04:00,Jueves 1 de octubre · 13:10,hoy,0,La Paz,La Paz,Multicine,Av. Arce 2631,False,,,,programado,0.81,1,https://cdn.bolivia.com/cine/2019/1/avengers-endgame-47703.jpg,,https://www.bolivia.com/cine/la-paz/avengers-endgame-6958_41,
evt_a22cc660375579,Espectáculos,deporte,2026-10-01T14:15:00-04:00,Jueves 1 de octubre · 14:15,hoy,0,Cochabamba,Cochabamba,estadio Mario Alberto Kempes,,False,,,,programado,0.75,1,https://www.lostiempos.com/sites/default/files/styles/noticia_home_apertura/public/media_imagen/2026/9/21/12_dc_cartelera_1.jpg?itok=5Pe0YQuq,,https://www.lostiempos.com/doble-click/espectaculos,
evt_55e4bb45319f4f,Película en cartelera de cine,cine,2026-10-01T15:15:00-04:00,Jueves 1 de octubre · 15:15,hoy,0,Tarija,Tarija,Cine Center,Avenida Circunvalación s/n (barrio Guadalquivir),False,,,,programado,0.81,1,https://cdn.bolivia.com/cine/2026/4/coyotes-47246.jpg,,https://www.bolivia.com/cine/tarija/coyotes-12063_44,
evt_4bd3535dc5cf96,Película en cartelera de cine,cine,2026-10-01T16:20:00-04:00,Jueves 1 de octubre · 16:20,hoy,0,Santa Cruz,Santa Cruz de la Sierra,Cinemark - Ventura - Cinemark,Ventura Mall - Av. San Martín esq. 4º anillo,False,,,,programado,0.81,1,https://cdn.bolivia.com/cine/2026/9/verity-la-sombra-de-un-engano-47833.jpg,,https://www.bolivia.com/cine/santa-cruz/verity-la-sombra-de-un-engano-12282_43,
evt_d316baafff1031,Película en cartelera de cine,cine,2026-10-01T17:00:00-04:00,Jueves 1 de octubre · 17:00,hoy,0,La Paz,El Alto,Multicine,Av. Juan Pablo II - Zona Rio Seco,False,,,,programado,0.81,1,https://cdn.bolivia.com/cine/2019/1/avengers-endgame-47703.jpg,,https://www.bolivia.com/cine/el-alto/avengers-endgame-6958_87,
evt_b21c3596af8836,Película en cartelera de cine,cine,2026-10-01T19:30:00-04:00,Jueves 1 de octubre · 19:30,hoy,0,Santa Cruz,Santa Cruz de la Sierra,Brasil - Cine Center,"Tercer anillo, Avenida Brasil esquina entrada a la Feria de Barrio Lindo",False,,,,programado,0.81,1,https://cdn.bolivia.com/cine/2026/4/coyotes-47246.jpg,,https://www.bolivia.com/cine/santa-cruz/coyotes-12063_43,
evt_45078d5a67b8cf,Película en cartelera de cine,cine,2026-10-01T19:50:00-04:00,Jueves 1 de octubre · 19:50,hoy,0,La Paz,La Paz,Plaza 21 Mall - Multicine,"Calle 21 de Calacoto, Pasaje Cordero",False,,,,programado,0.81,1,https://cdn.bolivia.com/cine/2019/1/avengers-endgame-47703.jpg,,https://www.bolivia.com/cine/la-paz/avengers-endgame-6958_41,
evt_3b5ac228be01d5,Museo Nacional de Etnografia y Folklore,otro,2026-10-02T19:00:00-04:00,Viernes 2 de octubre · 19:00,proximo,1,La Paz,La Paz,,Calle Ingavi N.° 916 esq. Jenaro Sanjinés),False,,,,programado,0.8,1,https://scontent-sjc6-1.xx.fbcdn.net/v/t39.99422-6/829842606_1353707353307174_5060073350546127285_n.png?stp=dst-jpg_tt6&cstp=mx1600x1066&ctp=p600x600&_nc_cat=102&ccb=1-7&_nc_sid=cae128&_nc_ohc=K11f00z6QFgQ7kNvwH9hIVm&_nc_oc=AdoEQNP5ZdCIntjqcIBs6pJcH_PvFJYjGmgpcVCzhCaZsPPqGeqOwD5cqBv4Il6Pu4Y&_nc_zt=14&_nc_ht=scontent-sjc6-1.xx&_nc_gid=6PUM_yJ6r0tzY209V1PHtg&_nc_ss=7f289&oh=00_AQNLbfm1qkHJRa1OgOLR3BqA2ZN1HCP2YLTvNORMOmnGXg&oe=6AC35254,,https://www.facebook.com/musef.lapaz.bolivia/posts/compartimos-la-invitaci%C3%B3n-a-la-presentaci%C3%B3n-del-libro-%F0%9D%97%A1%F0%9D%98%82%F0%9D%97%BA%F0%9D%97%B6%F0%9D%98%80%F0%9D%97%BA%F0%9D%97%AE%CC%81%F0%9D%98%81%F0%9D%97%B6%F0%9D%97%B0%F0%9D%97%AE-%F0%9D%97%95%F0%9D%97%BC%F0%9D%97%B9%F0%9D%97%B6%F0%9D%98%83%F0%9D%97%B6%F0%9D%97%AE%F0%9D%97%BB%F0%9D%97%AE-%F0%9D%97%A9%F0%9D%97%BC%F0%9D%97%B9/1599158105588583/,
evt_fd4d96724a4ebf,Espectáculos,festival,2026-10-03T07:00:00-04:00,Sábado 3 de octubre · 07:00,proximo,2,Cochabamba,Cochabamba,,,False,,,,programado,0.68,1,https://www.lostiempos.com/sites/default/files/styles/noticia_home_apertura/public/media_imagen/2026/9/21/12_dc_cartelera_1.jpg?itok=5Pe0YQuq,,https://www.lostiempos.com/doble-click/espectaculos,
evt_3ae769b6a6ea98,100% Yara en Concierto (Sucre),concierto,2026-10-03T19:00:00-04:00,Sábado 3 de octubre · 19:00,proximo,2,Bolivia,Sucre,Teatro Gran Mariscal Sucre,Plaza Libertad,False,0.0,0.0,Bs 0,programado,0.99,1,https://superticket.bo/media/imagenes_eventos/home/2026/09/Shop5_Cuadrado_1_1mfiPgR.jpg,,https://superticket.bo/100--Yara-en-Concierto--Sucre-/,https://superticket.bo/100--Yara-en-Concierto--Sucre-/
evt_1968fecf92cb9b,"12 reacciones · 8 comentarios | 🔴EN VIVO🔴
➡La Selección Boliviana Comienza la Venta de Entradas para el…",deporte,2026-10-04T00:00:00-04:00,Domingo 4 de octubre,proximo,3,,,,,False,,,,programado,0.45,1,https://scontent-ord5-2.xx.fbcdn.net/v/t15.5256-10/830788327_1087954740490531_8276233345809919535_n.jpg?_nc_cat=100&ccb=1-7&_nc_sid=a27664&_nc_ohc=KAd8obbGnWMQ7kNvwFMraQy&_nc_oc=AdoyC1fHbdV-bkIgRWK7fnmgLzURDF3IA4jgwHt-mynO1o1HUv4NORn-pgTYXtttx24&_nc_zt=23&_nc_ht=scontent-ord5-2.xx&_nc_gid=A0PC2iGvYQA9VKp8Fp3Wcw&_nc_ss=7f289&oh=00_AQMy90z6ZCKTJqKHwmffs0vksvrhHpmWpgOOLbUH1eHi3A&oe=6AC1D464,https://www.facebook.com/61567518883240/videos/en-vivo-la-selecci%C3%B3n-boliviana-comienza-la-venta-de-entradas-para-el-domingo-act/1100133775808611/,https://www.facebook.com/61567518883240/videos/en-vivo-la-selecci%C3%B3n-boliviana-comienza-la-venta-de-entradas-para-el-domingo-act/1100133775808611/,
evt_fdede329817c71,Espectáculos,otro,2026-10-05T13:11:00-04:00,Lunes 5 de octubre · 13:11,proximo,4,La Paz,La Paz,,,False,13.0,,Bs 13,programado,0.68,1,https://www.lostiempos.com/sites/default/files/styles/noticia_home_apertura/public/media_imagen/2026/9/21/12_dc_cartelera_1.jpg?itok=5Pe0YQuq,,https://www.lostiempos.com/doble-click/espectaculos,
evt_938566d4816ada,25/09/2026 Cultura Una novela gráfica rescata a Luis Espinal más allá de su muerte Luis Espinal volverá a las…,cine,2026-10-07T19:00:00-04:00,Del 7 al 18 de octubre · 19:00,proximo,6,Santa Cruz,Santa Cruz de la Sierra,Fexpocruz,,False,,,,programado,0.75,1,https://www.lostiempos.com/sites/default/files/styles/noticia_home_apertura/public/media_imagen/2026/9/25/11_dc_1.jpg?itok=SrO4oxDr,,https://www.lostiempos.com/doble-click/cultura,
evt_9d6988f971be4a,29/09/2026 Cultura La Feria Internacional del Libro apuesta por el cuento clásico La cuenta regresiva para la…,cine,2026-10-07T19:00:00-04:00,Del 7 al 18 de octubre · 19:00,proximo,6,La Paz,La Paz,,,False,13.0,,Bs 13,programado,0.68,1,https://www.lostiempos.com/sites/default/files/styles/noticia_home_apertura/public/media_imagen/2026/9/29/12_dc_cartelera_1a.jpg?itok=RktyiedR,,https://www.lostiempos.com/doble-click/cultura,
evt_65bc9e58b91cc4,"28/09/2026 Cultura Santa Cruz S.A. Agronegocio y mito empresarial Empiezo por el final, que es donde el libro…",cine,2026-10-07T19:00:00-04:00,Del 7 al 18 de octubre · 19:00,proximo,6,Cochabamba,Cochabamba,,,False,,,,programado,0.68,1,https://www.lostiempos.com/sites/default/files/styles/noticia_home_apertura/public/media_imagen/2026/9/28/lecturas_2.jpg?itok=WvsiQQX4,,https://www.lostiempos.com/doble-click/cultura,
evt_c398c99f1536bc,En Concierto Pepe Murillo,concierto,2026-10-08T19:30:00-04:00,Jueves 8 de octubre · 19:30,proximo,7,Bolivia,La Paz,Teatro Municipal Alberto Saavedra Pérez,Genaro Sanjinés e Indaburo,False,30.0,30.0,Bs 30,programado,0.99,1,https://superticket.bo/media/imagenes_eventos/home/2026/09/Shop5_Cuadrado_92.jpg,,https://superticket.bo/En-Concierto-Pepe-Murillo/,https://superticket.bo/En-Concierto-Pepe-Murillo/
evt_748fa0bd72d183,MUSEF Regional Sucre,exposicion,2026-10-09T20:30:00-04:00,Viernes 9 de octubre · 20:30,proximo,8,Chuquisaca,Sucre,,Calle España #74 casi esq. San Alberto,False,,,,programado,0.86,1,https://scontent-iad6-1.xx.fbcdn.net/v/t39.30808-6/828572955_1620708223177678_795907281405258200_n.jpg?stp=dst-jpg_tt6&cstp=mx2048x1367&ctp=p600x600&_nc_cat=109&ccb=1-7&_nc_sid=cae128&_nc_ohc=r0N5brBY1bcQ7kNvwH_j9nx&_nc_oc=AdrA8Yw6NLGbaCu4vP6e22G1YXFO6Gkykbt-mRjUSLPKU5AqyVcSeggBNtMZeqi11ts&_nc_zt=23&_nc_ht=scontent-iad6-1.xx&_nc_gid=B8Jz82HENmUghmoau5Bpvw&_nc_ss=7f289&oh=00_AQP5WILYo5Y39rdALEWaj1e9CxBsqoOpE4A4cdhOimdltw&oe=6AC359E5,,https://www.facebook.com/musefsucre/posts/musefsucre-exposici%C3%B3n-temporal-hoy-martes-inauguramos-una-hermosa-exposici%C3%B3n-de-/1620720829843084/,
evt_c9490e55c8ba74,100% Yara en Concierto - Cochabamba,concierto,2026-10-16T19:00:00-04:00,Viernes 16 de octubre · 19:00,proximo,15,Bolivia,Cochabamba,Coliseo Alemán Santa María,,False,50.0,50.0,Bs 50,programado,0.93,1,https://superticket.bo/media/imagenes_eventos/home/2026/09/Shop5_Cuadrado_96.jpg,,https://superticket.bo/100--Yara-en-Concierto---Cochabamba/,https://superticket.bo/100--Yara-en-Concierto---Cochabamba/
evt_2b67f103b08352,Tiwanaku Nocturno - Cultura Chiripa,otro,2026-10-17T15:00:00-04:00,Sábado 17 de octubre · 15:00,proximo,16,Bolivia,,Tiwanaku,,False,300.0,300.0,Bs 300,programado,0.93,1,https://superticket.bo/media/imagenes_eventos/home/2026/09/cuadrtito.jpeg,,https://superticket.bo/Tiwanaku-Nocturno---Cultura-Chiripa/,https://superticket.bo/Tiwanaku-Nocturno---Cultura-Chiripa/
evt_b738d5075ee0af,"""Almas Heridas - Obra de Teatro para Infancias""",teatro,2026-11-06T16:00:00-04:00,Del 6 al 17 de noviembre · 16:00,proximo,36,Cochabamba,Cochabamba,mARTadero,,False,20.0,30.0,Bs 20 - 30,programado,0.75,1,https://www.lostiempos.com/sites/default/files/styles/large/public/agenda_cultural/imagen/459134677_933833945451467_2498078613516548914_n.jpg?itok=T2iJBBk0,,https://www.lostiempos.com/agenda-cultural/almas-heridas-obra-teatro-infancias_641678,
evt_dc8d89f2211b77,Taller de Teatro,deporte,2026-11-06T19:00:00-04:00,Del 6 al 17 de noviembre · 19:00,proximo,36,Cochabamba,Cochabamba,mARTadero,,False,,,,programado,0.75,1,https://www.lostiempos.com/sites/default/files/styles/large/public/agenda_cultural/imagen/457100609_923896099778585_2550610969352001561_n.jpg?itok=3ae-fcoy,,https://www.lostiempos.com/agenda-cultural/taller-teatro_639241,
evt_85458322a09300,Inauguración de exposición artística,deporte,2026-11-06T19:00:00-04:00,Del 6 al 17 de noviembre · 19:00,proximo,36,Cochabamba,Quillacollo,plaza 14 de Septiembre,Calle y Alejandro Andia,False,,,,programado,0.75,1,https://www.lostiempos.com/sites/default/files/styles/large/public/agenda_cultural/imagen/dsc_8641_web.jpg?itok=5XVXhRjJ,,https://www.lostiempos.com/agenda-cultural/inauguracion-exposicion-artistica_638602,
evt_ef77fadc45ccb1,Concierto para piano,deporte,2026-11-06T19:00:00-04:00,Del 6 al 17 de noviembre · 19:00,proximo,36,Cochabamba,Quillacollo,,esquina Oquendo Últimas noticias 16/08/2026 La boliviana Laura Flores gana la,False,50.0,70.0,Bs 50 - 70,programado,0.68,1,https://www.lostiempos.com/sites/default/files/styles/noticia_home_apertura/public/media_imagen/2026/8/16/img-20260816-wa0082.jpg?itok=7GqCuHh9,,https://www.lostiempos.com/agenda-cultural/concierto-piano_638709,
evt_272425b1fcd388,100% Yara en Concierto - Potosí,concierto,2026-11-07T19:00:00-04:00,Sábado 7 de noviembre · 19:00,proximo,37,Bolivia,Potosí,Teatro Victor Paz Estenssoro,,False,50.0,50.0,Bs 50,programado,0.93,1,https://superticket.bo/media/imagenes_eventos/home/2026/09/Shop5_Cuadrado_95.jpg,,https://superticket.bo/100--Yara-en-Concierto---Potosi/,https://superticket.bo/100--Yara-en-Concierto---Potosi/
evt_7fd72b4d56f0d5,"La Paz es tu última oportunidad para adquirir entradas a precio de Hot Tickets 🏔️🎫♥️

Ricardo Montaner Ricardo…",concierto,2026-11-08T00:00:00-04:00,Domingo 8 de noviembre,proximo,38,La Paz,La Paz,,,False,,,,programado,0.73,1,https://scontent-ord5-2.xx.fbcdn.net/v/t51.82787-15/772792847_18130072006644452_8347009798539205354_n.jpg?_nc_cat=102&ccb=1-7&_nc_sid=a27664&_nc_ohc=IUzdZwuudUQQ7kNvwHoGGAf&_nc_oc=AdoEHfXIMqEgLOiv8WPd9oaNC-B-sN86OQAuaFUxjsgchCehq9_3ejan-q3t3vvFkUs&_nc_zt=23&_nc_ht=scontent-ord5-2.xx&_nc_gid=lgR6p3S0zRTDsWDVFkYYAA&_nc_ss=7f289&oh=00_AQFJ8Bg4aIpyyffM85_xd-h7DfJTsMpDVrcykWu-XPFtpA&oe=6A89FD4E,https://www.facebook.com/ConciertosEnBolivia/videos/la-paz-es-tu-%C3%BAltima-oportunidad-para-adquirir-entradas-a-precio-de-hot-tickets-%EF%B8%8F/1753806735904140/,https://www.facebook.com/ConciertosEnBolivia/videos/la-paz-es-tu-%C3%BAltima-oportunidad-para-adquirir-entradas-a-precio-de-hot-tickets-%EF%B8%8F/1753806735904140/,
evt_c0c814a826a490,Ciclo de cine en La Troje,teatro,2026-11-09T17:00:00-04:00,Lunes 9 de noviembre · 17:00,proximo,39,Santa Cruz,Santa Cruz de la Sierra,Fexpocruz,av. Capitán Victor Ustáriz km 3,False,17.95,17.95,Bs 17.95,programado,0.75,1,https://www.lostiempos.com/sites/default/files/styles/large/public/agenda_cultural/imagen/454762420_898299412339032_8402557399451655097_n.jpg?itok=0Ginj61K,,https://www.lostiempos.com/agenda-cultural/ciclo-cine-troje_638605,
evt_de42012d2d0284,Ciclo de cine en La Troje,deporte,2026-11-09T17:15:00-04:00,Lunes 9 de noviembre · 17:15,proximo,39,La Paz,La Paz,Estadio Hernando Siles,av. Capitán Victor Ustáriz km 3,False,,,,programado,0.75,1,https://www.lostiempos.com/sites/default/files/styles/large/public/agenda_cultural/imagen/454762420_898299412339032_8402557399451655097_n.jpg?itok=0Ginj61K,,https://www.lostiempos.com/agenda-cultural/ciclo-cine-troje_638605,
evt_30a4899e9db3d7,Espectáculo de danza: Negra,deporte,2026-11-09T19:00:00-04:00,Lunes 9 de noviembre · 19:00,proximo,39,La Paz,La Paz,Estadio Hernando Siles,Calle España y Heroínas Lo más leído 1 Agetic rastreará a 300 usuarios por d,False,,,,programado,0.75,1,https://www.lostiempos.com/sites/default/files/styles/large/public/agenda_cultural/imagen/455327697_507250335140342_3153981228297889411_n.jpg?itok=xiYw38Bf,,https://www.lostiempos.com/agenda-cultural/espectaculo-danza-negra_638606,
evt_cdbfbc6ca41a2d,Espectáculo de danza: Negra,taller,2026-11-09T19:00:00-04:00,Lunes 9 de noviembre · 19:00,proximo,39,Santa Cruz,Santa Cruz de la Sierra,Fexpocruz,Calle España y Heroínas Lo más leído 1 Agetic rastreará a 300 usuarios por d,False,17.95,17.95,Bs 17.95,programado,0.75,1,https://www.lostiempos.com/sites/default/files/styles/large/public/agenda_cultural/imagen/455327697_507250335140342_3153981228297889411_n.jpg?itok=xiYw38Bf,,https://www.lostiempos.com/agenda-cultural/espectaculo-danza-negra_638606,
evt_e9412ec83bac24,Espectáculo de danza: Negra,danza,2026-11-09T19:00:00-04:00,Lunes 9 de noviembre · 19:00,proximo,39,Cochabamba,Cochabamba,,Calle España y Heroínas Lo más leído 1 Agetic rastreará a 300 usuarios por d,False,,,,programado,0.68,1,https://www.lostiempos.com/sites/default/files/styles/large/public/agenda_cultural/imagen/455327697_507250335140342_3153981228297889411_n.jpg?itok=xiYw38Bf,,https://www.lostiempos.com/agenda-cultural/espectaculo-danza-negra_638606,
evt_ae9da30af86e30,Balau: Taller de cajón peruano,deporte,2026-11-09T21:30:00-04:00,Lunes 9 de noviembre · 21:30,proximo,39,Santa Cruz,Santa Cruz de la Sierra,Fexpocruz,Kilómetro Vertical del Campeonato Mundial de... Ver más 22/09/2026 Entretiempo B,False,11.9,,Bs 11.9,programado,0.75,1,https://www.lostiempos.com/sites/default/files/styles/large/public/agenda_cultural/imagen/whatsapp_image_2024-10-09_at_09.07.38_1.jpeg?itok=yMidTIp2,,https://www.lostiempos.com/agenda-cultural/balau-taller-cajon-peruano_642476,
evt_6861bf88a2635d,Balau: Taller de cajón peruano,deporte,2026-11-09T21:30:00-04:00,Lunes 9 de noviembre · 21:30,proximo,39,La Paz,La Paz,Estadio Hernando Siles,,False,,,,programado,0.75,1,https://www.lostiempos.com/sites/default/files/styles/large/public/agenda_cultural/imagen/whatsapp_image_2024-10-09_at_09.07.38_1.jpeg?itok=yMidTIp2,,https://www.lostiempos.com/agenda-cultural/balau-taller-cajon-peruano_642476,
evt_124b8fecf0a73c,Balau: Taller de cajón peruano,festival,2026-11-09T21:30:00-04:00,Lunes 9 de noviembre · 21:30,proximo,39,Cochabamba,Cochabamba,,,False,,,,programado,0.68,1,https://www.lostiempos.com/sites/default/files/styles/large/public/agenda_cultural/imagen/whatsapp_image_2024-10-09_at_09.07.38_1.jpeg?itok=yMidTIp2,,https://www.lostiempos.com/agenda-cultural/balau-taller-cajon-peruano_642476,
evt_e759e9803f88bb,GAMS Gobierno Autonomo Municipal de Sucre,feria,2026-11-10T21:00:00-04:00,Martes 10 de noviembre · 21:00,proximo,40,Chuquisaca,Sucre,,ZONA ALTA NORTE DEL DISTRITO 3 hace 3 semanas Noticias 443 La alcaldesa Mun,False,231.61,,Bs 231.61,programado,0.68,1,https://sucre.bo/wp-content/uploads/2026/09/793159010_1588679716237138_3571794070505247463_n-310x165.jpeg,,https://sucre.bo/noticias/,
evt_bf127d6bfa7742,Espectáculos,deporte,2026-11-10T22:00:00-04:00,Martes 10 de noviembre · 22:00,proximo,40,Santa Cruz,Santa Cruz de la Sierra,Fexpocruz,Kilómetro Vertical del Campeonato Mundial de... Ver más 22/09/2026 Entretiempo B,False,20.0,300.0,Bs 20 - 300,programado,0.81,1,https://www.lostiempos.com/sites/default/files/styles/noticia_home_apertura/public/media_imagen/2026/9/21/12_dc_cartelera_1.jpg?itok=5Pe0YQuq,,https://www.lostiempos.com/doble-click/espectaculos,
evt_3e5f1bc61603a4,Espectáculos,deporte,2026-11-10T22:00:00-04:00,Martes 10 de noviembre · 22:00,proximo,40,Cochabamba,Cochabamba,,Kilómetro Vertical del Campeonato Mundial de... Ver más 22/09/2026 Entretiempo B,False,,,,programado,0.68,1,https://www.lostiempos.com/sites/default/files/styles/noticia_home_apertura/public/media_imagen/2026/9/21/12_dc_cartelera_1.jpg?itok=5Pe0YQuq,,https://www.lostiempos.com/doble-click/espectaculos,
evt_bb5cf19806c196,100% Yara en Concierto (La Paz),concierto,2026-12-19T19:00:00-04:00,Sábado 19 de diciembre · 19:00,proximo,79,Bolivia,La Paz,Teatro Municipal Alberto Saavedra Pérez,Genaro Sanjinés e Indaburo,False,50.0,50.0,Bs 50,programado,0.99,1,https://superticket.bo/media/imagenes_eventos/home/2026/09/Shop5_Cuadrado_9y5emA0.jpg,,https://superticket.bo/100--Yara-en-Concierto--La-Paz-/,https://superticket.bo/100--Yara-en-Concierto--La-Paz-/
evt_36e9f26a645dc8,Espectáculos,deporte,2026-12-20T17:15:00-04:00,Domingo 20 de diciembre · 17:15,proximo,80,La Paz,La Paz,Estadio Hernando Siles,,False,,,,programado,0.75,1,https://www.lostiempos.com/sites/default/files/styles/noticia_home_apertura/public/media_imagen/2026/7/24/12_dc_cartelera_1_0.jpg?itok=9MQ7b8B8,,https://www.lostiempos.com/doble-click/espectaculos,
evt_fa5d20c953cd53,EN Feria Automotriz de Santa Cruz Inicio Ferias Expoauto Sobre Expoauto Del 3 al 7 de marzo de 2027 De 17:00 a 23:30…,feria,2027-03-03T17:00:00-04:00,Del 3 al 7 de marzo · 17:00,proximo,153,Santa Cruz,Santa Cruz de la Sierra,Fexpocruz,calle y pabellón. Ver más Ver resumen Más InformaciÓN 01 Mapas y Recorridos,False,,,,programado,0.81,1,,https://cdn.embedly.com/widgets/media.html?src=https%3A%2F%2Fwww.youtube.com%2Fembed%2FcHPfLwKiqec%3Ffeature%3Doembed&display_name=YouTube&url=https%3A%2F%2Fwww.youtube.com%2Fwatch%3Fv%3DcHPfLwKiqec&image=https%3A%2F%2Fi.ytimg.com%2Fvi%2FcHPfLwKiqec%2Fhqdefault.jpg&type=text%2Fhtml&schema=youtube,https://www.fexpocruz.com.bo/feria/expoauto,
evt_2821894c1d5322,Manzana 1 Espacio de Arte,exposicion,2027-03-05T23:30:00-04:00,Del 5 de marzo al 2 de mayo · 23:30,proximo,155,Santa Cruz,Santa Cruz de la Sierra,Manzana Uno Espacio de Arte,,False,,,,programado,0.99,2,https://scontent-sea5-1.xx.fbcdn.net/v/t39.99422-6/778124139_1301863238518005_3377155520857067797_n.png?stp=dst-jpg_tt6&cstp=mx2048x1365&ctp=p600x600&_nc_cat=102&ccb=1-7&_nc_sid=cae128&_nc_ohc=hBy7SrX5Qm8Q7kNvwExwOAY&_nc_oc=Adp9BRBeCETzJ3t_IiQ_Y04tGFFFgozdGg-MIFn1B9TpL9E-bh2eJncWHFwNj7snWuA&_nc_zt=14&_nc_ht=scontent-sea5-1.xx&_nc_gid=XFfYEAa1A8NTjNxSsnD2Xw&_nc_ss=7f289&oh=00_AQHu4--SkjQtUI9ZciG8wTptO0awLg2o65zzyNy9QOV5tA&oe=6A8EEE77,,https://www.facebook.com/Manzana1espaciodearte/posts/el-taller-de-experimentaci%C3%B3n-sonora-dirigido-por-el-m%C3%BAsico-boliviano-cergio-prud/1532109205624218/,
evt_d0f14342880b8d,"EN Feria de la Construcción, Arquitectura y Diseño Inicio Ferias Ficad Sobre Ficad Del 17 al 21 de marzo de 2027 De…",feria,2027-03-17T17:00:00-04:00,Del 17 al 21 de marzo · 17:00,proximo,167,Santa Cruz,Santa Cruz de la Sierra,Fexpocruz,calle y pabellón. Ver más Ver resumen Más InformaciÓN 01 Mapas y Recorridos,False,,,,programado,0.81,1,,,https://www.fexpocruz.com.bo/feria/ficad,
evt_ab2d744f1fbd8e,Live Sound Rock Festival,concierto,2027-04-24T16:00:00-04:00,Sábado 24 de abril · 16:00,proximo,205,Bolivia,Santa Cruz de la Sierra,Cancha Tenis Real Santa Cruz,"Avenida San Aurelio y 3er Anillo Externo, Santa Cruz de la Sierra, Bolivia.",False,,,,programado,0.93,1,https://superticket.bo/media/imagenes_eventos/home/2026/06/Shopwwwww_Cuadrado.jpg,,https://superticket.bo/LIVE-SOUND-ROCK-FESTIVAL/,https://superticket.bo/LIVE-SOUND-ROCK-FESTIVAL/ | https://superticket.bo/LIVE-SOUND-ROCK-FESTIVAL
evt_48c45c2c902fde,GAMS Gobierno Autonomo Municipal de Sucre,conferencia,2027-05-25T00:00:00-04:00,Martes 25 de mayo,proximo,236,Chuquisaca,Sucre,Casa de la Libertad,ZONA ALTA NORTE DEL DISTRITO 3 14 agosto,False,231.61,,Bs 231.61,programado,0.68,1,https://sucre.bo/wp-content/uploads/2026/09/792207396_1046052848036142_3115788214822072533_n-310x165.jpeg,,https://sucre.bo/noticias/,
evt_23700ab272ad21,GAMS Gobierno Autonomo Municipal de Sucre,conferencia,2027-06-01T13:00:00-04:00,Martes 1 de junio · 13:00,proximo,243,Chuquisaca,Sucre,,AVENIDA ALEGRÍA–LA BARRANCA CON UNA INVERSIÓN DE CASI 10 MILLONES DE BOLIVIANO,False,1.1,800.0,Bs 1.1 - 800,programado,0.68,1,https://sucre.bo/wp-content/uploads/2026/09/821523616_1430138119043963_8536727438387594677_n-310x165.jpeg,,https://sucre.bo/noticias/,
evt_710befb0f03a81,Nuestras Ferias | Fexpocruz,feria,2027-07-01T00:00:00-04:00,Del 1 al 4 de julio,proximo,273,Santa Cruz,Santa Cruz de la Sierra,Fexpocruz,Avenida Roca y Coronado,False,,,,programado,0.68,1,,,https://www.fexpocruz.com.bo/ferias,
evt_4acf273e47aebe,Specialty Coffee Expo,feria,2027-07-01T17:00:00-04:00,Del 1 al 4 de julio · 17:00,proximo,273,Santa Cruz,Santa Cruz de la Sierra,Fexpocruz,calle y pabellón. Ver más Ver resumen Más InformaciÓN 01 Mapas y Recorridos,False,,,,programado,0.81,1,,,https://www.fexpocruz.com.bo/feria/specialty-coffee-expo,
evt_1c99fd55da5926,FERIA PROFESIOGRÁFICA PRESENTA MEDIO CENTENAR DE CARRERAS PROFESIONALES DE LA UTO,feria,2027-07-03T00:00:00-04:00,Sábado 3 de julio,proximo,275,Oruro,Oruro,,,False,,,,programado,0.61,1,https://www.uto.edu.bo/wp-content/uploads/2026/09/WhatsApp-Image-2026-08-27-at-10.20.18.jpeg,,https://www.uto.edu.bo/feria-profesiografica-presenta-medio-centenar-de-carreras-profesionales-de-la-uto/,
evt_fe17b710223e94,Eventos culturales – GOBIERNO AUTÓNOMO MUNICIPAL DE LA PAZ,teatro,2027-08-06T00:00:00-04:00,Viernes 6 de agosto,proximo,309,La Paz,La Paz,Teatro Municipal Alberto Saavedra Pérez,,False,,,,programado,0.68,1,,,https://lapaz.bo/eventos-culturales/,
evt_4c76d9bd82c806,MUSEF Regional Sucre,taller,2027-08-10T15:30:00-04:00,Del 10 al 21 de agosto · 15:30,proximo,313,Chuquisaca,Sucre,,Calle España #74,False,,,,programado,0.8,1,https://scontent-sjc6-1.xx.fbcdn.net/v/t39.30808-6/771694534_1574782511103583_7343322475350404313_n.jpg?stp=dst-jpg_tt6&cstp=mx1367x2048&ctp=p600x600&_nc_cat=104&ccb=1-7&_nc_sid=cae128&_nc_ohc=_Ip5_8v630MQ7kNvwEFVd1A&_nc_oc=AdrWiGD1cZswozAlY2eJC7fzONtPGm_QVcmcl_MU24SiHxEyFGXNmKF4xI-8JRpdGP8&_nc_zt=23&_nc_ht=scontent-sjc6-1.xx&_nc_gid=lCRHsXz8vDNH5olXjg9Jjw&_nc_ss=7f289&oh=00_AQH2XCdit6CdDnqf5ulQqLGtP0o-4uycMNWo_buRS_UX5Q&oe=6A87A1C9,,https://www.facebook.com/musefsucre/posts/musefsucre-%F0%9D%90%93%F0%9D%90%9A%F0%9D%90%A5%F0%9D%90%A5%F0%9D%90%9E%F0%9D%90%AB-de-xilograf%C3%ADate-invitamos-a-ser-parte-de-este-taller-para-cono/1574782797770221/,
evt_603ea08a34f0a7,Espectáculos,feria,2027-08-12T00:00:00-04:00,Jueves 12 de agosto,proximo,315,Cochabamba,Cochabamba,,calle Uyustus,False,18.0,18.0,Bs 18,programado,0.61,1,https://www.lostiempos.com/sites/default/files/styles/noticia_home_apertura/public/media_imagen/2026/7/24/12_dc_cartelera_1_0.jpg?itok=9MQ7b8B8,,https://www.lostiempos.com/doble-click/espectaculos,
evt_adc2c807f56a31,07/09/2026 Interesante Devoción y cultura Santuario de la Purísima Concepción de Cotoca En el departamento de Santa…,deporte,2027-08-12T22:33:00-04:00,Jueves 12 de agosto · 22:33,proximo,315,Cochabamba,Quillacollo,estadio Ramón Aguilera Costas,,False,,,,programado,0.81,1,https://www.lostiempos.com/sites/default/files/styles/noticia_home_apertura/public/media_imagen/2026/9/7/6_cotoca_5.jpg?itok=DodejBFL,,https://www.lostiempos.com/tendencias,
evt_eb0182ea391c59,02/09/2026 Salud Cuál es el verdadero impacto de dormir con la ventana abierta en el organismo Dormir con la ventana…,cine,2027-08-12T22:33:00-04:00,Jueves 12 de agosto · 22:33,proximo,315,La Paz,La Paz,Estadio Hernando Siles,,False,,,,programado,0.75,1,https://www.lostiempos.com/sites/default/files/styles/noticia_home_apertura/public/media_imagen/2026/9/2/11_dc_1.jpg?itok=-SPQufah,,https://www.lostiempos.com/tendencias,
evt_72f17feca5726b,04/09/2026 Medio Ambiente Dos pichones de paraba azul nacen por primera vez en una caja nido en el Pantanal…,cine,2027-08-12T22:33:00-04:00,Jueves 12 de agosto · 22:33,proximo,315,Cochabamba,Cochabamba,,zona de explosiones y remoción de escombros aún no puede avanzar Ver más 6,False,,,,programado,0.68,1,https://www.lostiempos.com/sites/default/files/styles/noticia_home_apertura/public/media_imagen/2026/9/4/11_dc_2.jpg?itok=YJgR85du,,https://www.lostiempos.com/tendencias,
evt_ac89f529d62e0f,Espectáculos,deporte,2027-08-18T00:00:00-04:00,Miércoles 18 de agosto,proximo,321,Cochabamba,Cochabamba,estadio Capriles Los,,False,,,,programado,0.68,1,https://www.lostiempos.com/sites/default/files/styles/noticia_home_apertura/public/media_imagen/2026/7/24/12_dc_cartelera_1_0.jpg?itok=9MQ7b8B8,,https://www.lostiempos.com/doble-click/espectaculos,
evt_5ffce9b625d4a0,La UTO alista la Feria Profesiográfica para presentar su oferta académica de 48 carreras profesionales,feria,2027-08-27T00:00:00-04:00,Del 27 al 29 de agosto,proximo,330,Oruro,Oruro,,,False,,,,programado,0.61,1,https://www.uto.edu.bo/wp-content/uploads/2026/08/noticia-feria.png,,https://www.uto.edu.bo/la-uto-alista-la-feria-profesiografica-para-presentar-su-oferta-academica-de-48-carreras-profesionales/,
evt_9bfc4730029f06,Espectáculos,deporte,2027-08-28T14:50:00-04:00,Sábado 28 de agosto · 14:50,proximo,331,La Paz,La Paz,Estadio Hernando Siles,,False,,,,programado,0.81,1,https://www.lostiempos.com/sites/default/files/styles/noticia_home_apertura/public/media_imagen/2026/7/24/12_dc_cartelera_1_0.jpg?itok=9MQ7b8B8,,https://www.lostiempos.com/doble-click/espectaculos,
evt_ba15d62df4cd50,Fundación Patiño La Paz,exposicion,2027-09-03T22:00:00-04:00,Del 3 al 26 de septiembre · 22:00,proximo,337,La Paz,La Paz,,,True,,,Entrada libre,programado,0.86,1,https://scontent-dfw6-1.xx.fbcdn.net/v/t39.30808-6/791275128_1525038893001018_5685084875543877338_n.jpg?stp=dst-jpg_tt6&cstp=mx1626x2048&ctp=p600x600&_nc_cat=103&ccb=1-7&_nc_sid=cae128&_nc_ohc=heghHcH9NHgQ7kNvwGDuGG8&_nc_oc=AdpIiJ97qgSoqfTFT6GfXwO92xRoaBlNAN07agGfuu9kLCMBSjs19_w89KZ7vDHXfnA&_nc_zt=23&_nc_ht=scontent-dfw6-1.xx&_nc_gid=8lWEyAq83UruGrtDUF349g&_nc_ss=7f289&oh=00_AQI_UwPy1eIZpH6xfHtl7yLAcJe6Kv_CE2fazRR_yUTJzQ&oe=6AAE32F3,,https://www.facebook.com/EspacioPatinoLaPaz/posts/cultura-hay-exposiciones-que-nos-invitan-a-detenernos-observar-y-descubrir-otras/1535026708668903/,
evt_ecb83a01c02bde,Espectáculos,deporte,2027-09-04T00:00:00-04:00,Sábado 4 de septiembre,proximo,338,Cochabamba,Quillacollo,estadio Ramón Aguilera Costas,,False,,,,programado,0.68,1,https://www.lostiempos.com/sites/default/files/styles/noticia_home_apertura/public/media_imagen/2026/7/24/12_dc_cartelera_1_0.jpg?itok=9MQ7b8B8,,https://www.lostiempos.com/doble-click/espectaculos,
evt_9b41fe2d01dc59,"La Festividad del Señor de Burgos, una de las celebraciones de mayor tradición y devoción del Cono Sur Cochabambino,…",festival,2027-09-08T00:00:00-04:00,Del 8 al 15 de septiembre,proximo,342,Cochabamba,,,,False,,,,programado,0.61,1,https://scontent-atl3-1.xx.fbcdn.net/v/t39.99422-6/800715265_2129212151359156_6021913127995031580_n.png?stp=dst-jpg_tt6&cstp=mx1066x1600&ctp=p526x296&_nc_cat=107&ccb=1-7&_nc_sid=833d8c&_nc_ohc=W8owLAG68DYQ7kNvwE8N9mr&_nc_oc=Ado8CGkeWFrj6M8tMXw7211QZj2aZVV-puw_8YqWcIz8JmPgvgUj7AXSmJ6B1R5ccAA&_nc_zt=14&_nc_ht=scontent-atl3-1.xx&_nc_gid=QoJGf6xpvYaCGdMY2Rx9Ig&_nc_ss=7f289&oh=00_AQJzHUt47O9WL-aiJVLil88rZGNHkIhQYcYoZ_669P2TqQ&oe=6AAAB030,,https://www.facebook.com/GobernacionDeCochabamba/posts/pfbid0rfVERQ4Ns5F3EKeyGtRZv23bDYyC4wRPuMZr9PcjHQMguPDp9cB6tnQ7VXNwKVful?__cft__[0]=AZgbXgL6jQuTqHg9nAAwtAJ7w_NV-HIhiSh1zpyW180Vpc5nI38jGsgUTUakV88aqBoWgJG47lFupcGglFQ8RIyN7bocVgi95AMOFxrv-Y7stGMY-NgAcoOyTY-QIcEpGtc3_WXayd83lqDUxEwbaKvrRhiInCAynjVi_o1TZGt2cAlZyLPHUzzwdMo&__tn__=%2CO%2CP-R,
evt_9ea8741680468c,Fundación Patiño Cochabamba,exposicion,2027-09-10T21:00:00-04:00,Del 10 al 30 de septiembre · 21:00,proximo,344,Cochabamba,Cochabamba,Centro Pedagógico y Cultural Simón I. Patiño,,False,,,,programado,0.93,1,https://scontent-ams2-1.xx.fbcdn.net/v/t39.99422-6/806416446_1084462730607108_956648851822232661_n.png?stp=dst-jpg_tt6&cstp=mx2048x1536&ctp=p600x600&_nc_cat=103&ccb=1-7&_nc_sid=cae128&_nc_ohc=9fPj7iGeyogQ7kNvwHC540F&_nc_oc=Adru0RISwoK0rlVB2OpPqJXsBuMEE0VZRXL-b5lhe5ZD5NxQwU3bp0yO-p3JBrDYyfM&_nc_zt=14&_nc_ht=scontent-ams2-1.xx&_nc_gid=slHBL5A93ykoJlCxzmv9NA&_nc_ss=7f289&oh=00_AQIRf0H7rW4rzMB4_NGsaY5e0SX3Mwarl3ko9aoWyez5fA&oe=6AADD5C8,,https://www.facebook.com/FundacionPatinoCochabamba/posts/cultura-as%C3%AD-se-vivi%C3%B3-la-inauguraci%C3%B3n-de-%F0%9D%97%94%F0%9D%97%A7%F0%9D%97%94%F0%9D%97%A5-una-exposici%C3%B3n-de-fotograf%C3%ADa-de-kel/1541657081333880/,
evt_cab71456af6bc1,Agenda Dramaturgia Boliviana - Dramaturgia de la Percepción 15/10/2024 - 09:15 Cultural Ver más Balau: Taller de…,teatro,2027-09-14T21:15:00-04:00,Martes 14 de septiembre · 21:15,proximo,348,Cochabamba,Cochabamba,mARTadero,esquina Oquendo 25/08/2024 - 19:00 Cultural Ver más Espectáculo de danza: Negr,False,,,,programado,0.75,1,https://www.lostiempos.com/sites/default/files/styles/noticia_home_tipo_2/public/agenda_cultural/imagen/whatsapp_image_2024-10-15_at_09.12.23_1.jpeg?itok=UmYLUCEu,,https://www.lostiempos.com/servicios/agenda-cultural,
